Age,Position,MinP,Goals,Assist,YC,RC,SPG,AW,MOTM,Rating
34,66,1682,15.0,5.0,0.0,1.0,8.0,2.0,7.0,1.0
35,50,1306,11.0,3.0,1.0,0.0,9.0,1.0,4.0,1.0
31,5,1693,8.0,8.0,0.0,0.0,5.0,1.0,5.0,1.0
22,9,2122,8.0,4.0,8.0,0.0,5.0,0.0,4.0,1.0
20,2,1634,6.0,0.0,2.0,0.0,1.0,0.0,3.0,1.0
24,58,1960,7.0,2.0,2.0,0.0,4.0,1.0,4.0,1.0
26,54,1607,1.0,7.0,5.0,1.0,3.0,6.0,5.0,1.0
32,50,1909,12.0,2.0,3.0,0.0,5.0,9.0,4.0,1.0
22,5,1546,4.0,5.0,2.0,0.0,6.0,0.0,2.0,1.0
29,3,116,1.0,0.0,0.0,0.0,6.0,0.0,0.0,1.0
25,47,2148,1.0,5.0,1.0,0.0,2.0,0.0,2.0,1.0
25,5,1108,5.0,5.0,4.0,0.0,4.0,0.0,2.0,1.0
24,47,433,0.0,3.0,1.0,1.0,2.0,2.0,1.0,1.0
30,52,2250,0.0,0.0,1.0,0.0,0.0,0.0,4.0,1.0
29,67,543,2.0,0.0,2.0,0.0,1.0,3.0,1.0,1.0
29,56,2225,4.0,2.0,2.0,0.0,2.0,0.0,4.0,1.0
25,15,1693,2.0,1.0,2.0,0.0,1.0,1.0,1.0,1.0
25,50,2190,12.0,3.0,4.0,0.0,5.0,6.0,3.0,1.0
27,31,1636,1.0,2.0,4.0,0.0,1.0,1.0,3.0,1.0
35,7,2108,11.0,3.0,3.0,0.0,5.0,1.0,2.0,1.0
25,24,1668,4.0,0.0,3.0,0.0,1.0,3.0,2.0,1.0
28,31,2170,0.0,2.0,2.0,0.0,0.0,1.0,5.0,1.0
33,54,1447,2.0,3.0,0.0,1.0,2.0,0.0,1.0,1.0
34,52,1518,0.0,0.0,2.0,0.0,0.0,0.0,1.0,1.0
26,11,1275,6.0,4.0,4.0,0.0,4.0,0.0,4.0,1.0
33,54,2209,1.0,3.0,3.0,0.0,1.0,0.0,3.0,1.0
28,12,1940,5.0,5.0,4.0,0.0,5.0,1.0,0.0,1.0
28,50,1923,10.0,2.0,5.0,1.0,4.0,9.0,3.0,1.0
26,7,1837,7.0,3.0,5.0,0.0,3.0,1.0,1.0,1.0
31,50,287,2.0,0.0,0.0,0.0,4.0,1.0,1.0,1.0
23,47,1252,0.0,3.0,1.0,0.0,2.0,3.0,1.0,1.0
25,25,1082,1.0,0.0,3.0,0.0,1.0,2.0,0.0,1.0
31,52,278,0.0,0.0,2.0,0.0,0.0,0.0,0.0,1.0
24,24,1393,0.0,2.0,1.0,0.0,0.0,2.0,1.0,1.0
30,7,1034,6.0,2.0,4.0,0.0,4.0,1.0,1.0,1.0
34,47,1563,0.0,3.0,4.0,1.0,0.0,3.0,0.0,1.0
25,0,1846,1.0,5.0,6.0,0.0,2.0,1.0,2.0,1.0
25,4,361,1.0,3.0,0.0,0.0,1.0,0.0,0.0,1.0
19,33,1574,0.0,4.0,2.0,0.0,0.0,0.0,0.0,1.0
28,24,1341,1.0,0.0,7.0,0.0,2.0,3.0,2.0,1.0
26,15,1176,0.0,1.0,2.0,0.0,0.0,3.0,0.0,1.0
22,54,239,0.0,1.0,0.0,0.0,3.0,1.0,1.0,1.0
29,21,1860,0.0,0.0,4.0,0.0,0.0,2.0,1.0,1.0
18,49,90,0.0,0.0,0.0,0.0,0.0,1.0,0.0,1.0
30,52,2250,0.0,0.0,0.0,0.0,0.0,0.0,0.0,1.0
25,52,540,0.0,0.0,0.0,0.0,0.0,0.0,0.0,1.0
20,54,1440,8.0,3.0,4.0,1.0,4.0,0.0,2.0,1.0
31,52,1170,0.0,0.0,1.0,0.0,0.0,0.0,1.0,1.0
28,47,1708,0.0,0.0,6.0,0.0,1.0,2.0,1.0,1.0
22,5,1873,3.0,4.0,6.0,0.0,2.0,0.0,3.0,1.0
28,14,1720,1.0,1.0,5.0,1.0,0.0,3.0,1.0,1.0
30,9,1326,10.0,1.0,3.0,0.0,4.0,2.0,2.0,1.0
27,13,1600,9.0,1.0,4.0,0.0,4.0,2.0,2.0,1.0
29,14,1942,2.0,0.0,7.0,1.0,1.0,4.0,0.0,1.0
33,31,1002,1.0,3.0,2.0,1.0,1.0,0.0,1.0,1.0
23,47,1985,0.0,0.0,5.0,1.0,0.0,4.0,0.0,1.0
18,2,1632,1.0,2.0,5.0,0.0,1.0,2.0,0.0,1.0
36,14,383,0.0,0.0,3.0,1.0,0.0,5.0,0.0,1.0
30,8,1935,4.0,2.0,4.0,0.0,2.0,0.0,2.0,1.0
21,5,1603,4.0,3.0,2.0,0.0,4.0,0.0,3.0,1.0
22,14,538,0.0,0.0,1.0,0.0,0.0,2.0,1.0,1.0
29,31,1350,0.0,3.0,1.0,0.0,1.0,1.0,0.0,1.0
24,24,1033,0.0,1.0,5.0,1.0,1.0,3.0,0.0,1.0
22,14,911,1.0,0.0,3.0,0.0,0.0,2.0,0.0,1.0
30,52,1710,0.0,0.0,0.0,0.0,0.0,0.0,0.0,1.0
29,39,1420,0.0,1.0,2.0,3.0,0.0,1.0,0.0,1.0
20,10,1916,4.0,4.0,1.0,0.0,4.0,0.0,2.0,1.0
23,6,1394,3.0,5.0,1.0,0.0,2.0,0.0,2.0,1.0
30,52,360,0.0,0.0,0.0,0.0,0.0,0.0,0.0,1.0
30,47,1614,2.0,0.0,5.0,1.0,1.0,1.0,2.0,1.0
22,54,1582,2.0,3.0,2.0,0.0,1.0,0.0,0.0,1.0
37,54,1339,4.0,3.0,5.0,0.0,2.0,0.0,0.0,1.0
28,0,212,1.0,0.0,1.0,0.0,2.0,1.0,1.0,1.0
26,14,1980,0.0,0.0,9.0,0.0,0.0,2.0,0.0,1.0
23,11,2056,2.0,1.0,3.0,0.0,5.0,0.0,1.0,1.0
32,2,447,1.0,0.0,1.0,0.0,2.0,1.0,0.0,1.0
20,28,1267,0.0,1.0,4.0,0.0,1.0,1.0,0.0,1.0
30,4,1296,0.0,3.0,2.0,0.0,2.0,0.0,1.0,1.0
23,14,1534,1.0,0.0,5.0,0.0,0.0,2.0,0.0,1.0
31,14,1702,0.0,0.0,2.0,2.0,0.0,3.0,1.0,1.0
26,45,1081,0.0,0.0,3.0,0.0,1.0,0.0,2.0,1.0
25,9,651,2.0,1.0,2.0,0.0,4.0,3.0,0.0,1.0
28,43,1372,1.0,1.0,3.0,0.0,1.0,0.0,1.0,1.0
30,21,1467,0.0,0.0,3.0,0.0,0.0,1.0,1.0,1.0
31,14,1941,4.0,0.0,4.0,1.0,2.0,3.0,1.0,1.0
33,15,1070,2.0,1.0,3.0,0.0,1.0,3.0,2.0,1.0
23,27,538,1.0,0.0,0.0,0.0,1.0,1.0,0.0,1.0
23,50,154,1.0,0.0,0.0,0.0,3.0,0.0,0.0,1.0
28,58,2030,1.0,2.0,4.0,0.0,1.0,0.0,0.0,1.0
37,59,1239,1.0,3.0,2.0,0.0,1.0,0.0,0.0,1.0
26,31,950,0.0,1.0,1.0,0.0,2.0,1.0,0.0,1.0
25,14,1438,1.0,0.0,4.0,1.0,0.0,3.0,0.0,1.0
31,14,2160,1.0,1.0,8.0,0.0,0.0,4.0,1.0,1.0
25,46,1923,1.0,3.0,4.0,1.0,1.0,2.0,2.0,1.0
29,52,2250,0.0,0.0,1.0,0.0,0.0,0.0,5.0,1.0
26,56,805,0.0,1.0,3.0,0.0,0.0,0.0,0.0,1.0
31,42,869,3.0,1.0,2.0,0.0,1.0,0.0,0.0,1.0
28,5,1784,5.0,2.0,1.0,0.0,4.0,1.0,1.0,1.0
26,14,1081,0.0,1.0,5.0,0.0,1.0,5.0,1.0,1.0
26,14,2070,0.0,0.0,6.0,0.0,0.0,3.0,1.0,1.0
33,31,1238,1.0,1.0,4.0,1.0,2.0,2.0,1.0,1.0
27,34,1624,3.0,1.0,0.0,0.0,3.0,1.0,0.0,1.0
26,14,1805,0.0,0.0,4.0,0.0,0.0,5.0,0.0,1.0
28,14,2070,1.0,1.0,7.0,1.0,0.0,4.0,0.0,1.0
31,19,1240,2.0,1.0,7.0,1.0,1.0,1.0,1.0,1.0
31,14,990,0.0,0.0,1.0,0.0,1.0,3.0,0.0,1.0
32,14,1496,0.0,0.0,4.0,2.0,0.0,3.0,0.0,1.0
22,49,24,0.0,1.0,0.0,0.0,0.0,1.0,0.0,1.0
32,58,1565,4.0,2.0,2.0,1.0,2.0,0.0,1.0,1.0
30,50,1692,11.0,3.0,1.0,1.0,4.0,1.0,1.0,1.0
27,14,2234,2.0,0.0,4.0,0.0,0.0,3.0,1.0,1.0
30,10,366,0.0,1.0,1.0,0.0,4.0,0.0,1.0,1.0
18,39,948,0.0,0.0,1.0,0.0,0.0,0.0,0.0,1.0
21,50,1180,6.0,2.0,0.0,0.0,2.0,3.0,2.0,1.0
29,52,1710,0.0,0.0,2.0,0.0,0.0,0.0,1.0,1.0
24,47,2051,1.0,2.0,8.0,0.0,0.0,3.0,1.0,1.0
29,11,1416,7.0,2.0,7.0,1.0,4.0,2.0,3.0,1.0
32,52,2116,0.0,0.0,2.0,0.0,0.0,0.0,1.0,1.0
26,54,1482,1.0,0.0,4.0,0.0,1.0,1.0,0.0,1.0
37,14,1970,0.0,0.0,6.0,0.0,0.0,3.0,0.0,1.0
22,12,1328,0.0,4.0,0.0,0.0,2.0,0.0,0.0,1.0
27,5,680,5.0,3.0,1.0,0.0,3.0,0.0,1.0,1.0
28,47,1585,0.0,0.0,7.0,0.0,1.0,1.0,0.0,1.0
25,15,1619,1.0,1.0,4.0,0.0,0.0,3.0,1.0,1.0
30,38,1185,0.0,0.0,1.0,0.0,0.0,0.0,0.0,1.0
31,5,1644,8.0,1.0,3.0,1.0,4.0,3.0,2.0,1.0
31,52,2250,0.0,0.0,2.0,0.0,0.0,0.0,2.0,1.0
24,46,1482,0.0,0.0,3.0,0.0,0.0,1.0,0.0,1.0
22,55,1683,8.0,0.0,2.0,1.0,3.0,1.0,1.0,1.0
28,39,702,0.0,2.0,4.0,0.0,0.0,1.0,0.0,1.0
23,10,882,4.0,0.0,2.0,0.0,2.0,0.0,2.0,1.0
27,52,2250,0.0,0.0,1.0,0.0,0.0,0.0,0.0,1.0
23,27,2239,0.0,2.0,1.0,0.0,1.0,0.0,0.0,1.0
27,31,1134,0.0,1.0,2.0,0.0,0.0,0.0,0.0,1.0
22,49,577,0.0,0.0,1.0,0.0,0.0,1.0,0.0,1.0
27,11,423,4.0,0.0,2.0,0.0,4.0,4.0,0.0,1.0
25,15,1144,0.0,0.0,4.0,1.0,0.0,3.0,0.0,1.0
30,52,2043,0.0,0.0,1.0,0.0,0.0,0.0,1.0,1.0
31,58,1537,0.0,3.0,4.0,0.0,1.0,0.0,0.0,1.0
29,5,970,2.0,2.0,5.0,1.0,3.0,0.0,0.0,1.0
31,16,1874,3.0,0.0,6.0,0.0,2.0,2.0,2.0,1.0
20,10,1481,3.0,1.0,3.0,0.0,2.0,1.0,0.0,1.0
31,47,1875,1.0,0.0,6.0,0.0,1.0,2.0,0.0,1.0
19,39,1670,2.0,2.0,7.0,0.0,1.0,2.0,0.0,1.0
23,6,542,1.0,1.0,1.0,0.0,2.0,1.0,1.0,1.0
29,55,1095,2.0,3.0,3.0,0.0,1.0,1.0,0.0,1.0
28,18,1922,1.0,5.0,6.0,0.0,1.0,1.0,0.0,1.0
22,10,1309,1.0,1.0,5.0,0.0,3.0,1.0,2.0,1.0
33,31,885,0.0,0.0,3.0,0.0,1.0,1.0,1.0,1.0
26,15,1467,1.0,0.0,3.0,0.0,0.0,3.0,1.0,1.0
28,5,1057,1.0,2.0,4.0,0.0,1.0,0.0,2.0,1.0
24,52,540,0.0,0.0,0.0,0.0,0.0,0.0,0.0,1.0
30,15,960,0.0,2.0,4.0,0.0,1.0,1.0,0.0,1.0
22,50,1777,5.0,3.0,1.0,0.0,4.0,1.0,1.0,1.0
22,52,2250,0.0,0.0,2.0,0.0,0.0,0.0,1.0,1.0
28,47,1834,0.0,0.0,8.0,0.0,1.0,3.0,0.0,1.0
31,27,2043,0.0,3.0,6.0,0.0,1.0,1.0,0.0,1.0
33,14,864,0.0,0.0,0.0,0.0,0.0,2.0,1.0,1.0
28,58,1645,3.0,1.0,1.0,0.0,1.0,0.0,2.0,1.0
27,52,2250,0.0,0.0,3.0,0.0,0.0,0.0,1.0,1.0
29,47,1735,2.0,2.0,3.0,0.0,1.0,3.0,0.0,1.0
29,30,1341,2.0,0.0,1.0,0.0,3.0,0.0,0.0,1.0
26,14,1689,1.0,0.0,9.0,0.0,0.0,2.0,0.0,1.0
34,4,1500,3.0,3.0,7.0,0.0,1.0,0.0,2.0,1.0
30,5,894,1.0,3.0,3.0,1.0,2.0,0.0,0.0,1.0
27,9,1610,3.0,2.0,4.0,1.0,4.0,1.0,1.0,1.0
22,52,315,0.0,0.0,0.0,0.0,0.0,0.0,0.0,1.0
34,59,1547,2.0,3.0,8.0,0.0,1.0,0.0,1.0,1.0
29,37,1255,0.0,1.0,1.0,0.0,1.0,1.0,0.0,1.0
39,52,540,0.0,0.0,1.0,0.0,0.0,0.0,0.0,1.0
34,14,90,0.0,0.0,0.0,0.0,0.0,1.0,0.0,1.0
24,46,1737,0.0,1.0,5.0,1.0,1.0,1.0,0.0,1.0
31,14,922,0.0,0.0,0.0,1.0,1.0,3.0,0.0,1.0
33,35,1887,0.0,4.0,4.0,0.0,0.0,1.0,0.0,1.0
29,47,1660,0.0,0.0,7.0,0.0,0.0,0.0,0.0,1.0
28,39,884,0.0,1.0,2.0,0.0,0.0,0.0,1.0,1.0
19,53,12,0.0,0.0,0.0,0.0,0.0,1.0,0.0,1.0
27,18,983,2.0,0.0,1.0,2.0,1.0,2.0,0.0,1.0
26,14,1459,2.0,0.0,4.0,1.0,1.0,1.0,1.0,1.0
27,4,824,0.0,2.0,0.0,0.0,0.0,0.0,0.0,1.0
34,17,1470,0.0,0.0,1.0,0.0,1.0,1.0,0.0,1.0
30,19,1546,1.0,3.0,3.0,0.0,1.0,0.0,0.0,1.0
33,22,861,0.0,1.0,4.0,0.0,0.0,2.0,0.0,1.0
19,65,421,0.0,1.0,1.0,0.0,1.0,1.0,0.0,1.0
32,5,1677,1.0,1.0,3.0,0.0,2.0,1.0,0.0,1.0
23,39,340,0.0,0.0,1.0,0.0,0.0,1.0,0.0,1.0
26,50,83,1.0,0.0,0.0,0.0,1.0,1.0,0.0,1.0
29,3,194,3.0,0.0,1.0,0.0,2.0,0.0,0.0,1.0
29,52,2160,0.0,0.0,3.0,0.0,0.0,0.0,3.0,1.0
30,24,1509,1.0,0.0,1.0,0.0,1.0,1.0,0.0,1.0
26,61,531,1.0,0.0,2.0,0.0,2.0,0.0,1.0,1.0
26,54,1555,0.0,2.0,5.0,0.0,2.0,1.0,0.0,1.0
32,21,674,1.0,0.0,1.0,0.0,0.0,1.0,0.0,1.0
34,16,1387,0.0,0.0,2.0,0.0,0.0,1.0,0.0,1.0
24,13,1840,6.0,0.0,7.0,0.0,4.0,2.0,0.0,1.0
24,14,2148,0.0,1.0,4.0,1.0,1.0,3.0,0.0,1.0
28,47,1286,0.0,0.0,2.0,1.0,0.0,1.0,0.0,1.0
23,14,355,0.0,0.0,1.0,0.0,0.0,2.0,0.0,1.0
31,46,490,2.0,0.0,1.0,0.0,1.0,0.0,0.0,1.0
29,5,347,0.0,0.0,0.0,0.0,3.0,0.0,0.0,1.0
21,2,1293,4.0,1.0,10.0,1.0,3.0,0.0,2.0,1.0
23,14,1459,0.0,0.0,7.0,0.0,0.0,1.0,1.0,1.0
29,5,565,1.0,1.0,1.0,0.0,1.0,0.0,1.0,1.0
31,52,1350,0.0,0.0,3.0,0.0,0.0,0.0,2.0,1.0
26,14,360,0.0,0.0,2.0,0.0,0.0,2.0,0.0,1.0
30,5,1191,3.0,2.0,6.0,0.0,3.0,1.0,3.0,1.0
26,14,585,0.0,0.0,3.0,0.0,0.0,3.0,0.0,1.0
34,36,1791,0.0,1.0,7.0,0.0,0.0,1.0,0.0,1.0
31,39,1366,0.0,2.0,4.0,0.0,0.0,0.0,0.0,1.0
30,59,803,0.0,2.0,5.0,0.0,0.0,0.0,0.0,1.0
31,47,1263,2.0,0.0,6.0,1.0,2.0,1.0,1.0,1.0
22,2,1581,4.0,2.0,1.0,0.0,3.0,0.0,1.0,1.0
28,4,1119,3.0,0.0,6.0,0.0,3.0,0.0,0.0,1.0
30,47,1910,0.0,0.0,6.0,0.0,0.0,1.0,0.0,1.0
29,52,1080,0.0,0.0,3.0,0.0,0.0,0.0,0.0,1.0
28,2,1406,0.0,2.0,0.0,1.0,1.0,0.0,0.0,1.0
22,27,1118,0.0,1.0,1.0,0.0,0.0,0.0,0.0,1.0
36,29,882,1.0,1.0,4.0,0.0,0.0,0.0,0.0,1.0
30,6,947,1.0,0.0,0.0,0.0,1.0,0.0,1.0,1.0
22,14,688,0.0,0.0,1.0,0.0,1.0,5.0,0.0,1.0
31,26,1389,0.0,0.0,5.0,0.0,1.0,3.0,0.0,1.0
33,54,662,1.0,0.0,3.0,0.0,1.0,0.0,0.0,1.0
28,14,2106,0.0,2.0,8.0,1.0,1.0,3.0,1.0,1.0
30,5,1466,2.0,1.0,6.0,0.0,1.0,2.0,0.0,1.0
20,46,682,0.0,1.0,1.0,0.0,0.0,0.0,0.0,1.0
34,46,1052,1.0,0.0,2.0,0.0,0.0,1.0,0.0,1.0
35,15,1148,0.0,0.0,2.0,1.0,0.0,1.0,0.0,1.0
31,11,257,1.0,0.0,1.0,0.0,1.0,1.0,0.0,1.0
31,38,186,0.0,0.0,0.0,0.0,0.0,1.0,0.0,1.0
23,47,1205,1.0,1.0,7.0,0.0,1.0,0.0,1.0,1.0
29,5,694,4.0,0.0,3.0,0.0,2.0,0.0,1.0,1.0
25,52,1936,0.0,0.0,1.0,0.0,0.0,0.0,1.0,1.0
30,5,1238,6.0,1.0,5.0,0.0,2.0,1.0,2.0,1.0
27,10,1079,2.0,2.0,0.0,0.0,2.0,0.0,0.0,1.0
28,47,1682,0.0,4.0,9.0,0.0,2.0,0.0,1.0,1.0
32,52,45,0.0,0.0,0.0,0.0,0.0,0.0,0.0,1.0
22,65,215,0.0,0.0,1.0,0.0,0.0,1.0,0.0,1.0
31,22,438,0.0,0.0,0.0,0.0,0.0,0.0,0.0,1.0
23,4,1090,2.0,1.0,0.0,0.0,1.0,0.0,1.0,1.0
31,18,1829,0.0,0.0,4.0,2.0,1.0,4.0,0.0,1.0
21,0,1165,3.0,1.0,5.0,0.0,1.0,1.0,1.0,1.0
31,46,2183,0.0,0.0,5.0,0.0,0.0,1.0,0.0,1.0
27,52,207,0.0,0.0,1.0,0.0,0.0,0.0,0.0,1.0
30,31,924,0.0,2.0,4.0,0.0,1.0,1.0,0.0,1.0
20,9,925,3.0,3.0,2.0,0.0,4.0,0.0,0.0,1.0
22,4,269,1.0,1.0,1.0,0.0,1.0,0.0,0.0,1.0
30,47,1112,1.0,0.0,5.0,0.0,0.0,1.0,1.0,1.0
34,52,1710,0.0,0.0,3.0,0.0,0.0,0.0,0.0,1.0
26,54,958,2.0,2.0,3.0,0.0,1.0,1.0,1.0,1.0
27,14,1759,0.0,0.0,7.0,0.0,0.0,1.0,0.0,1.0
34,14,550,0.0,0.0,0.0,0.0,0.0,3.0,0.0,1.0
24,38,1473,1.0,0.0,4.0,0.0,1.0,0.0,0.0,1.0
23,15,1435,1.0,4.0,5.0,0.0,0.0,1.0,0.0,1.0
35,54,1159,1.0,2.0,3.0,1.0,2.0,1.0,1.0,1.0
36,11,957,5.0,1.0,4.0,0.0,4.0,1.0,0.0,1.0
23,8,1129,1.0,1.0,2.0,0.0,1.0,0.0,1.0,1.0
22,27,814,2.0,0.0,4.0,1.0,0.0,2.0,0.0,1.0
25,50,1012,5.0,0.0,3.0,0.0,4.0,2.0,0.0,1.0
21,51,23,0.0,0.0,0.0,0.0,0.0,1.0,0.0,1.0
22,54,1241,1.0,0.0,3.0,0.0,1.0,2.0,0.0,1.0
22,64,583,0.0,2.0,1.0,0.0,1.0,1.0,0.0,1.0
33,47,1247,2.0,1.0,6.0,1.0,2.0,0.0,1.0,1.0
31,14,1899,0.0,1.0,7.0,0.0,0.0,3.0,1.0,1.0
27,47,831,0.0,1.0,2.0,1.0,1.0,2.0,0.0,1.0
28,39,916,0.0,0.0,2.0,0.0,1.0,2.0,0.0,1.0
25,27,2118,1.0,0.0,5.0,0.0,1.0,1.0,1.0,1.0
29,5,708,1.0,2.0,2.0,0.0,1.0,0.0,0.0,1.0
21,47,610,1.0,0.0,0.0,0.0,1.0,1.0,0.0,1.0
25,14,1037,0.0,0.0,1.0,3.0,0.0,1.0,0.0,1.0
24,4,1288,2.0,0.0,5.0,0.0,2.0,0.0,0.0,1.0
26,54,1264,1.0,2.0,3.0,0.0,1.0,0.0,0.0,1.0
31,50,1111,2.0,0.0,2.0,0.0,3.0,5.0,0.0,1.0
25,50,2055,6.0,1.0,4.0,0.0,3.0,1.0,2.0,1.0
25,5,573,2.0,1.0,0.0,0.0,2.0,1.0,1.0,1.0
29,15,1277,0.0,0.0,5.0,0.0,0.0,2.0,0.0,1.0
24,54,429,0.0,1.0,0.0,0.0,1.0,1.0,1.0,1.0
28,24,1031,0.0,1.0,4.0,1.0,0.0,1.0,0.0,1.0
21,63,403,1.0,0.0,3.0,0.0,0.0,1.0,0.0,1.0
20,6,1638,0.0,2.0,8.0,0.0,1.0,1.0,0.0,1.0
25,54,779,2.0,2.0,2.0,0.0,2.0,1.0,0.0,1.0
23,50,1227,2.0,3.0,3.0,0.0,2.0,2.0,1.0,1.0
28,20,640,1.0,1.0,7.0,0.0,1.0,2.0,0.0,1.0
28,31,1206,0.0,1.0,3.0,0.0,0.0,2.0,0.0,1.0
24,47,2015,0.0,1.0,4.0,0.0,1.0,0.0,0.0,1.0
21,27,1700,1.0,2.0,6.0,0.0,1.0,0.0,0.0,1.0
25,10,559,1.0,2.0,1.0,0.0,0.0,0.0,0.0,1.0
24,39,1607,0.0,1.0,9.0,0.0,0.0,0.0,0.0,1.0
23,11,987,2.0,0.0,4.0,1.0,3.0,0.0,1.0,1.0
26,50,664,5.0,0.0,1.0,0.0,3.0,1.0,2.0,1.0
19,50,345,0.0,2.0,1.0,0.0,2.0,0.0,1.0,1.0
30,24,1526,0.0,0.0,0.0,1.0,0.0,2.0,0.0,1.0
31,31,1583,0.0,1.0,1.0,0.0,0.0,0.0,0.0,1.0
28,5,949,5.0,0.0,1.0,1.0,2.0,0.0,1.0,1.0
22,14,767,0.0,0.0,2.0,0.0,0.0,3.0,0.0,1.0
37,50,557,1.0,2.0,0.0,0.0,1.0,3.0,1.0,1.0
28,4,661,1.0,2.0,2.0,0.0,1.0,0.0,2.0,1.0
24,52,990,0.0,0.0,0.0,0.0,0.0,0.0,0.0,1.0
31,5,1301,4.0,0.0,6.0,1.0,3.0,0.0,0.0,1.0
27,13,380,1.0,0.0,0.0,0.0,3.0,4.0,0.0,1.0
29,58,311,0.0,0.0,0.0,0.0,0.0,0.0,0.0,1.0
21,8,855,1.0,2.0,1.0,1.0,2.0,0.0,1.0,1.0
24,46,1122,0.0,2.0,0.0,0.0,0.0,0.0,0.0,1.0
21,50,796,2.0,2.0,1.0,0.0,2.0,0.0,0.0,1.0
31,52,1974,0.0,0.0,2.0,0.0,0.0,0.0,1.0,1.0
32,47,838,0.0,1.0,3.0,0.0,0.0,1.0,0.0,1.0
31,45,656,0.0,1.0,1.0,1.0,2.0,1.0,1.0,1.0
32,38,897,0.0,0.0,0.0,0.0,0.0,1.0,0.0,1.0
25,45,568,1.0,0.0,1.0,0.0,0.0,1.0,0.0,1.0
24,14,537,0.0,0.0,0.0,0.0,0.0,4.0,0.0,1.0
30,31,270,0.0,0.0,2.0,0.0,2.0,2.0,0.0,1.0
29,14,2078,0.0,0.0,4.0,1.0,1.0,3.0,0.0,1.0
28,59,538,1.0,0.0,4.0,0.0,2.0,1.0,0.0,1.0
25,47,133,0.0,0.0,1.0,0.0,0.0,0.0,0.0,1.0
28,54,1018,0.0,0.0,1.0,0.0,1.0,1.0,0.0,1.0
31,58,746,1.0,0.0,2.0,0.0,0.0,0.0,0.0,1.0
29,39,178,0.0,0.0,0.0,0.0,0.0,0.0,0.0,1.0
24,56,703,0.0,2.0,2.0,0.0,1.0,0.0,0.0,1.0
27,14,1228,0.0,0.0,3.0,0.0,0.0,2.0,0.0,1.0
33,24,2070,0.0,0.0,4.0,1.0,0.0,1.0,0.0,1.0
35,41,954,4.0,0.0,1.0,0.0,2.0,0.0,0.0,1.0
21,26,525,1.0,0.0,3.0,1.0,1.0,1.0,1.0,1.0
24,65,605,3.0,1.0,0.0,0.0,1.0,0.0,0.0,1.0
25,31,650,1.0,0.0,1.0,0.0,0.0,0.0,1.0,1.0
30,18,1532,0.0,0.0,6.0,0.0,0.0,1.0,0.0,1.0
23,24,1145,0.0,0.0,2.0,0.0,0.0,0.0,0.0,1.0
28,47,1027,1.0,0.0,4.0,0.0,1.0,1.0,1.0,1.0
30,57,1394,3.0,0.0,0.0,0.0,1.0,0.0,1.0,1.0
20,53,90,0.0,0.0,0.0,0.0,0.0,0.0,0.0,1.0
26,14,1935,1.0,0.0,3.0,0.0,0.0,3.0,0.0,1.0
24,27,588,1.0,1.0,2.0,0.0,1.0,1.0,0.0,1.0
27,60,875,1.0,2.0,1.0,0.0,1.0,0.0,1.0,1.0
18,51,20,1.0,1.0,0.0,0.0,0.0,0.0,0.0,1.0
28,54,1354,0.0,1.0,5.0,0.0,1.0,0.0,0.0,1.0
37,46,1295,0.0,0.0,3.0,0.0,0.0,0.0,0.0,1.0
23,14,852,1.0,0.0,3.0,0.0,0.0,2.0,0.0,1.0
25,7,1283,0.0,3.0,2.0,0.0,2.0,0.0,0.0,1.0
26,50,203,0.0,1.0,0.0,0.0,0.0,0.0,0.0,1.0
24,11,1478,3.0,1.0,3.0,0.0,3.0,0.0,0.0,1.0
32,14,1039,0.0,0.0,3.0,0.0,0.0,3.0,0.0,1.0
26,39,911,0.0,0.0,2.0,0.0,1.0,1.0,1.0,1.0
20,54,742,0.0,1.0,2.0,1.0,1.0,1.0,1.0,1.0
25,27,785,0.0,0.0,0.0,0.0,0.0,1.0,0.0,1.0
30,39,640,0.0,1.0,4.0,0.0,0.0,3.0,0.0,1.0
36,59,689,2.0,2.0,2.0,0.0,3.0,1.0,0.0,1.0
24,40,1637,0.0,0.0,4.0,0.0,2.0,1.0,0.0,1.0
27,11,589,1.0,1.0,4.0,0.0,2.0,1.0,0.0,1.0
40,52,900,0.0,0.0,1.0,0.0,0.0,0.0,0.0,1.0
29,14,754,0.0,0.0,2.0,0.0,0.0,1.0,0.0,1.0
22,65,63,0.0,0.0,0.0,0.0,2.0,1.0,0.0,1.0
30,31,848,0.0,0.0,5.0,0.0,1.0,1.0,0.0,1.0
41,59,263,0.0,1.0,2.0,0.0,1.0,0.0,0.0,1.0
31,14,1365,0.0,1.0,6.0,1.0,0.0,2.0,0.0,1.0
26,51,83,0.0,0.0,0.0,0.0,1.0,4.0,0.0,1.0
24,31,273,0.0,1.0,1.0,0.0,0.0,0.0,0.0,1.0
24,14,1015,1.0,0.0,4.0,0.0,0.0,0.0,0.0,1.0
22,65,171,1.0,0.0,0.0,0.0,2.0,0.0,0.0,1.0
27,65,149,1.0,1.0,0.0,0.0,0.0,0.0,1.0,1.0
29,24,1530,0.0,0.0,6.0,0.0,0.0,1.0,0.0,1.0
19,65,17,0.0,0.0,0.0,0.0,2.0,0.0,0.0,1.0
32,24,878,1.0,0.0,2.0,1.0,1.0,3.0,0.0,1.0
22,50,1185,3.0,0.0,4.0,0.0,2.0,0.0,0.0,1.0
31,60,954,1.0,1.0,4.0,0.0,0.0,1.0,0.0,1.0
21,26,529,2.0,1.0,4.0,1.0,1.0,0.0,1.0,1.0
22,65,52,0.0,0.0,1.0,0.0,0.0,0.0,0.0,1.0
20,14,1235,1.0,0.0,1.0,1.0,0.0,2.0,0.0,1.0
20,14,370,1.0,1.0,1.0,1.0,1.0,2.0,1.0,1.0
27,47,1089,0.0,0.0,4.0,0.0,0.0,1.0,0.0,1.0
28,4,47,0.0,0.0,0.0,0.0,0.0,0.0,0.0,1.0
36,5,696,6.0,0.0,6.0,0.0,2.0,0.0,0.0,1.0
23,51,145,0.0,0.0,1.0,0.0,1.0,0.0,0.0,1.0
35,52,900,0.0,0.0,0.0,0.0,0.0,0.0,0.0,1.0
23,44,661,0.0,2.0,1.0,0.0,0.0,0.0,0.0,1.0
30,31,562,0.0,0.0,0.0,0.0,0.0,0.0,0.0,1.0
20,27,272,0.0,0.0,1.0,0.0,1.0,0.0,0.0,1.0
25,4,1584,2.0,2.0,8.0,1.0,2.0,0.0,1.0,1.0
26,58,990,1.0,0.0,4.0,0.0,1.0,1.0,0.0,1.0
33,14,374,0.0,0.0,1.0,0.0,0.0,1.0,0.0,1.0
24,14,282,0.0,0.0,1.0,0.0,1.0,1.0,0.0,1.0
32,18,1418,0.0,0.0,2.0,2.0,1.0,1.0,0.0,1.0
26,8,558,1.0,0.0,2.0,0.0,1.0,0.0,0.0,1.0
19,14,487,0.0,0.0,5.0,0.0,0.0,1.0,0.0,1.0
34,50,1017,5.0,1.0,0.0,1.0,2.0,1.0,1.0,1.0
33,14,137,0.0,0.0,0.0,0.0,0.0,1.0,0.0,1.0
21,39,532,0.0,0.0,0.0,0.0,1.0,1.0,0.0,1.0
35,59,666,0.0,1.0,4.0,0.0,2.0,0.0,0.0,1.0
31,54,797,1.0,1.0,4.0,0.0,0.0,0.0,0.0,1.0
29,23,1019,0.0,1.0,3.0,0.0,0.0,1.0,0.0,1.0
27,15,793,0.0,0.0,3.0,1.0,0.0,1.0,0.0,1.0
26,1,406,1.0,0.0,5.0,0.0,1.0,2.0,0.0,1.0
32,50,444,0.0,0.0,1.0,0.0,1.0,1.0,0.0,1.0
25,50,815,3.0,0.0,1.0,0.0,4.0,1.0,1.0,1.0
34,14,546,1.0,0.0,0.0,2.0,1.0,2.0,0.0,1.0
27,39,22,0.0,0.0,0.0,0.0,2.0,0.0,0.0,1.0
33,50,737,2.0,0.0,3.0,0.0,2.0,2.0,0.0,1.0
25,9,986,3.0,0.0,2.0,0.0,2.0,2.0,0.0,1.0
26,54,582,0.0,1.0,4.0,0.0,1.0,0.0,0.0,1.0
34,7,623,3.0,0.0,2.0,0.0,2.0,0.0,0.0,1.0
21,0,342,1.0,0.0,1.0,0.0,0.0,0.0,0.0,1.0
29,9,1191,0.0,0.0,3.0,0.0,2.0,4.0,0.0,1.0
25,47,328,0.0,0.0,0.0,0.0,0.0,0.0,0.0,1.0
33,54,308,0.0,1.0,3.0,1.0,1.0,0.0,0.0,1.0
19,51,99,0.0,0.0,0.0,0.0,0.0,0.0,0.0,1.0
32,56,608,0.0,0.0,7.0,0.0,0.0,0.0,0.0,1.0
28,50,222,0.0,0.0,1.0,0.0,4.0,1.0,0.0,1.0
25,1,205,0.0,0.0,1.0,0.0,1.0,2.0,0.0,1.0
25,47,280,0.0,0.0,2.0,0.0,0.0,0.0,0.0,1.0
32,58,387,2.0,0.0,1.0,0.0,0.0,0.0,0.0,1.0
30,18,52,0.0,0.0,0.0,0.0,0.0,0.0,0.0,1.0
23,54,984,0.0,0.0,3.0,0.0,0.0,0.0,0.0,1.0
35,47,317,0.0,0.0,2.0,0.0,0.0,0.0,0.0,1.0
21,50,262,1.0,0.0,0.0,0.0,0.0,0.0,0.0,1.0
24,23,164,0.0,0.0,0.0,1.0,0.0,1.0,0.0,1.0
26,9,480,2.0,0.0,0.0,0.0,2.0,0.0,0.0,1.0
33,14,846,0.0,1.0,3.0,0.0,0.0,4.0,0.0,1.0
30,59,1061,0.0,2.0,3.0,1.0,1.0,0.0,0.0,1.0
31,6,211,0.0,1.0,0.0,0.0,0.0,0.0,0.0,1.0
35,27,115,0.0,0.0,0.0,0.0,1.0,0.0,0.0,1.0
29,14,404,0.0,0.0,0.0,1.0,0.0,1.0,0.0,1.0
18,49,143,0.0,0.0,0.0,0.0,1.0,1.0,0.0,1.0
26,50,427,1.0,0.0,2.0,1.0,2.0,1.0,0.0,1.0
25,47,1091,0.0,0.0,7.0,0.0,0.0,1.0,0.0,1.0
22,31,367,0.0,0.0,2.0,0.0,0.0,1.0,0.0,1.0
21,51,4,0.0,0.0,0.0,0.0,2.0,0.0,0.0,1.0
21,8,501,0.0,2.0,3.0,0.0,1.0,0.0,0.0,1.0
33,45,882,0.0,1.0,4.0,0.0,0.0,0.0,0.0,1.0
21,65,64,0.0,0.0,0.0,0.0,1.0,0.0,0.0,1.0
31,14,932,0.0,0.0,3.0,0.0,0.0,2.0,0.0,1.0
33,59,8,0.0,0.0,0.0,0.0,2.0,0.0,0.0,1.0
23,9,895,1.0,0.0,4.0,0.0,2.0,1.0,0.0,1.0
22,51,39,0.0,0.0,0.0,0.0,0.0,0.0,0.0,1.0
23,62,320,0.0,0.0,2.0,0.0,0.0,0.0,0.0,1.0
26,26,956,0.0,1.0,5.0,1.0,0.0,1.0,0.0,1.0
33,50,353,0.0,1.0,1.0,0.0,1.0,1.0,0.0,1.0
31,52,900,0.0,0.0,1.0,1.0,0.0,0.0,1.0,1.0
24,48,607,0.0,0.0,4.0,0.0,1.0,0.0,0.0,1.0
30,41,63,0.0,0.0,0.0,0.0,0.0,0.0,0.0,1.0
24,15,489,0.0,0.0,3.0,1.0,0.0,1.0,0.0,1.0
33,58,791,1.0,1.0,4.0,0.0,0.0,0.0,0.0,1.0
30,14,1480,0.0,0.0,3.0,1.0,1.0,3.0,0.0,1.0
28,50,400,1.0,0.0,2.0,1.0,2.0,2.0,0.0,1.0
28,14,147,0.0,0.0,0.0,0.0,0.0,1.0,0.0,1.0
21,51,116,0.0,0.0,0.0,0.0,1.0,2.0,0.0,1.0
27,65,19,0.0,0.0,0.0,0.0,4.0,0.0,0.0,1.0
24,47,206,0.0,0.0,2.0,0.0,0.0,0.0,0.0,1.0
28,18,838,0.0,0.0,5.0,0.0,0.0,2.0,0.0,1.0
32,11,57,0.0,0.0,1.0,0.0,2.0,0.0,0.0,1.0
20,65,333,0.0,0.0,2.0,0.0,1.0,0.0,0.0,1.0
22,65,159,0.0,0.0,0.0,0.0,0.0,1.0,0.0,1.0
22,49,232,0.0,0.0,1.0,0.0,1.0,0.0,0.0,1.0
23,49,31,0.0,0.0,0.0,0.0,0.0,0.0,0.0,1.0
24,8,59,0.0,1.0,0.0,0.0,0.0,0.0,0.0,1.0
28,12,824,0.0,1.0,7.0,1.0,1.0,1.0,0.0,1.0
24,47,159,0.0,0.0,0.0,1.0,0.0,0.0,0.0,1.0
20,65,7,0.0,0.0,0.0,0.0,0.0,0.0,0.0,1.0
31,54,686,0.0,0.0,5.0,0.0,0.0,1.0,0.0,1.0
26,47,852,0.0,0.0,1.0,0.0,1.0,0.0,0.0,1.0
30,50,251,1.0,1.0,0.0,0.0,0.0,0.0,0.0,1.0
31,46,25,0.0,0.0,0.0,0.0,0.0,0.0,0.0,1.0
33,52,720,0.0,0.0,0.0,0.0,0.0,0.0,1.0,1.0
32,59,98,0.0,0.0,0.0,0.0,1.0,0.0,0.0,1.0
31,50,376,1.0,0.0,0.0,0.0,1.0,0.0,0.0,1.0
28,4,91,0.0,0.0,0.0,0.0,0.0,0.0,0.0,1.0
21,65,9,0.0,0.0,0.0,0.0,2.0,0.0,0.0,1.0
31,12,296,0.0,0.0,2.0,0.0,0.0,0.0,0.0,1.0
37,50,497,2.0,0.0,4.0,0.0,2.0,1.0,0.0,1.0
25,6,647,0.0,0.0,4.0,0.0,1.0,0.0,0.0,1.0
24,47,27,0.0,0.0,0.0,0.0,0.0,0.0,0.0,1.0
26,54,300,0.0,0.0,0.0,0.0,0.0,0.0,0.0,1.0
19,49,90,0.0,0.0,1.0,0.0,0.0,0.0,0.0,1.0
18,49,85,0.0,0.0,0.0,0.0,0.0,0.0,0.0,1.0
20,49,100,0.0,0.0,0.0,0.0,0.0,1.0,0.0,1.0
24,49,96,0.0,0.0,1.0,0.0,0.0,0.0,0.0,1.0
21,65,102,0.0,0.0,0.0,0.0,0.0,0.0,0.0,1.0
32,50,657,0.0,1.0,2.0,0.0,1.0,0.0,0.0,1.0
17,65,65,0.0,0.0,1.0,0.0,1.0,0.0,0.0,1.0
23,27,134,0.0,0.0,0.0,1.0,0.0,0.0,0.0,1.0
27,65,41,0.0,0.0,1.0,0.0,1.0,0.0,0.0,1.0
22,65,377,0.0,0.0,3.0,0.0,1.0,0.0,0.0,1.0
33,46,433,1.0,0.0,3.0,0.0,0.0,0.0,0.0,1.0
22,14,17,0.0,0.0,0.0,0.0,0.0,0.0,0.0,1.0
20,51,4,0.0,0.0,0.0,0.0,0.0,0.0,0.0,1.0
20,65,9,0.0,0.0,0.0,0.0,0.0,0.0,0.0,1.0
35,50,257,0.0,0.0,0.0,0.0,1.0,1.0,0.0,1.0
24,31,386,0.0,0.0,0.0,0.0,0.0,1.0,0.0,1.0
21,51,32,0.0,0.0,0.0,0.0,0.0,0.0,0.0,1.0
20,65,20,0.0,0.0,0.0,0.0,0.0,1.0,0.0,1.0
22,51,2,0.0,0.0,0.0,0.0,0.0,0.0,0.0,1.0
27,0,79,0.0,0.0,0.0,0.0,0.0,0.0,0.0,1.0
31,59,462,0.0,0.0,2.0,1.0,0.0,0.0,0.0,1.0
32,62,48,0.0,0.0,0.0,0.0,0.0,1.0,0.0,1.0
25,14,2,0.0,0.0,0.0,0.0,0.0,0.0,0.0,1.0
31,37,12,0.0,0.0,0.0,0.0,0.0,0.0,0.0,1.0
29,31,544,0.0,0.0,2.0,1.0,0.0,2.0,0.0,0.0
29,31,192,0.0,0.0,0.0,1.0,0.0,3.0,0.0,0.0
29,50,13,0.0,0.0,1.0,0.0,0.0,0.0,0.0,0.0
22,51,66,0.0,0.0,0.0,0.0,3.0,0.0,0.0,0.0
19,51,14,0.0,0.0,0.0,0.0,0.0,0.0,0.0,0.0
19,65,27,0.0,0.0,0.0,0.0,0.0,0.0,0.0,0.0
24,50,71,0.0,0.0,1.0,0.0,0.0,0.0,0.0,0.0
18,65,22,0.0,0.0,0.0,0.0,0.0,0.0,0.0,0.0
20,51,16,0.0,0.0,0.0,0.0,0.0,0.0,0.0,0.0
21,49,11,0.0,0.0,0.0,0.0,0.0,0.0,0.0,0.0
20,65,87,0.0,0.0,1.0,0.0,0.0,0.0,0.0,0.0
18,65,22,0.0,0.0,0.0,0.0,0.0,0.0,0.0,0.0
36,16,5,0.0,0.0,0.0,0.0,0.0,0.0,0.0,0.0
28,51,147,0.0,0.0,0.0,0.0,1.0,1.0,0.0,0.0
20,51,87,0.0,0.0,1.0,0.0,1.0,1.0,0.0,0.0
26,50,106,0.0,0.0,0.0,0.0,2.0,1.0,0.0,0.0
19,65,11,0.0,0.0,0.0,0.0,0.0,0.0,0.0,0.0
22,47,142,0.0,0.0,2.0,0.0,0.0,0.0,0.0,0.0
29,50,51,0.0,0.0,2.0,0.0,1.0,0.0,0.0,0.0
24,24,742,0.0,1.0,1.0,0.0,0.0,0.0,0.0,0.0
28,31,79,0.0,0.0,0.0,0.0,0.0,1.0,0.0,0.0
22,49,1,0.0,0.0,0.0,0.0,0.0,0.0,0.0,0.0
18,65,1,0.0,0.0,0.0,0.0,0.0,0.0,0.0,0.0
21,53,1,0.0,0.0,1.0,0.0,0.0,0.0,0.0,0.0
19,49,1,0.0,0.0,0.0,0.0,0.0,0.0,0.0,0.0
19,65,1,0.0,0.0,0.0,0.0,0.0,1.0,0.0,0.0
31,14,1,0.0,0.0,0.0,0.0,0.0,0.0,0.0,0.0
22,65,1,0.0,0.0,0.0,0.0,0.0,0.0,0.0,0.0
19,65,34,0.0,0.0,1.0,0.0,0.0,0.0,0.0,0.0
23,56,269,0.0,0.0,1.0,1.0,1.0,0.0,0.0,0.0
20,51,9,0.0,0.0,0.0,0.0,0.0,0.0,0.0,0.0
19,51,14,0.0,0.0,1.0,0.0,1.0,4.0,0.0,0.0
27,11,163,0.0,0.0,0.0,0.0,1.0,0.0,0.0,0.0
27,32,81,0.0,0.0,1.0,0.0,0.0,0.0,0.0,0.0
34,50,43,0.0,0.0,3.0,0.0,0.0,0.0,0.0,0.0
22,50,19,0.0,0.0,0.0,0.0,0.0,0.0,0.0,0.0
20,65,14,0.0,0.0,0.0,0.0,0.0,0.0,0.0,0.0
26,3,55,0.0,0.0,0.0,1.0,1.0,1.0,0.0,0.0
24,65,39,0.0,0.0,1.0,0.0,0.0,0.0,0.0,0.0
33,4,4,0.0,0.0,0.0,0.0,0.0,0.0,0.0,0.0
24,49,38,0.0,0.0,0.0,0.0,2.0,0.0,0.0,0.0
21,51,10,0.0,0.0,1.0,0.0,0.0,1.0,0.0,0.0
26,31,85,0.0,0.0,0.0,1.0,0.0,1.0,0.0,0.0
18,65,6,0.0,0.0,0.0,0.0,2.0,0.0,0.0,0.0
25,47,33,0.0,0.0,0.0,1.0,0.0,0.0,0.0,0.0
19,65,9,0.0,0.0,1.0,0.0,0.0,0.0,0.0,0.0
24,47,222,0.0,0.0,0.0,1.0,1.0,1.0,0.0,0.0
31,50,16,0.0,0.0,0.0,0.0,0.0,0.0,0.0,0.0
22,14,151,0.0,0.0,0.0,1.0,0.0,1.0,0.0,0.0
41,52,90,0.0,0.0,0.0,0.0,0.0,0.0,0.0,0.0
